timestamp,open,high,low,close,volume,date
2026-01-01 00:00:00,2.841,2.871,2.825,2.869,685233.13,2026-01-01
2026-01-01 01:00:00,2.869,2.931,2.86,2.931,800568.33,2026-01-01
2026-01-01 02:00:00,2.931,2.984,2.885,2.913,634894.6,2026-01-01
2026-01-01 03:00:00,2.912,2.912,2.847,2.856,324065.95,2026-01-01
2026-01-01 04:00:00,2.855,2.855,2.818,2.835,251472.31,2026-01-01
2026-01-01 05:00:00,2.835,2.909,2.834,2.882,762977.46,2026-01-01
2026-01-01 06:00:00,2.882,2.898,2.874,2.885,129903.77,2026-01-01
2026-01-01 07:00:00,2.885,2.889,2.832,2.855,248063.91,2026-01-01
2026-01-01 08:00:00,2.855,2.908,2.854,2.906,111512.04,2026-01-01
2026-01-01 09:00:00,2.906,2.937,2.906,2.92,271507.58,2026-01-01
2026-01-01 10:00:00,2.921,2.928,2.903,2.914,184408.54,2026-01-01
2026-01-01 11:00:00,2.914,2.931,2.905,2.929,135575.31,2026-01-01
2026-01-01 12:00:00,2.928,2.942,2.908,2.917,147125.17,2026-01-01
2026-01-01 13:00:00,2.917,2.933,2.913,2.927,90932.96,2026-01-01
2026-01-01 14:00:00,2.927,3.016,2.921,2.998,438803.7,2026-01-01
2026-01-01 15:00:00,2.998,2.998,2.946,2.983,453202.88,2026-01-01
2026-01-01 16:00:00,2.984,3.014,2.962,3.012,352993.75,2026-01-01
2026-01-01 17:00:00,3.012,3.097,3.01,3.049,660354.07,2026-01-01
2026-01-01 18:00:00,3.05,3.06,3.019,3.045,202946.25,2026-01-01
2026-01-01 19:00:00,3.045,3.059,2.997,3.018,400577.88,2026-01-01
2026-01-01 20:00:00,3.018,3.032,3.004,3.005,249905.99,2026-01-01
2026-01-01 21:00:00,3.005,3.005,2.973,2.993,226263.22,2026-01-01
2026-01-01 22:00:00,2.993,3.012,2.984,3.006,76087.9,2026-01-01
2026-01-01 23:00:00,3.007,3.018,2.996,3.002,105631.22,2026-01-01
2026-01-02 00:00:00,3.003,3.009,2.973,2.981,165830.5,2026-01-02
2026-01-02 01:00:00,2.98,3.017,2.968,2.999,165562.14,2026-01-02
2026-01-02 02:00:00,2.998,3.02,2.984,3.007,101560.37,2026-01-02
2026-01-02 03:00:00,3.008,3.037,3.007,3.032,100880.35,2026-01-02
2026-01-02 04:00:00,3.033,3.036,3.006,3.01,86907.38,2026-01-02
2026-01-02 05:00:00,3.011,3.02,3.005,3.014,50465.74,2026-01-02
2026-01-02 06:00:00,3.015,3.04,3.011,3.011,218152.58,2026-01-02
2026-01-02 07:00:00,3.011,3.017,2.988,3.005,74198.08,2026-01-02
2026-01-02 08:00:00,3.005,3.008,2.977,2.987,130935.89,2026-01-02
2026-01-02 09:00:00,2.987,3.024,2.97,3.018,266984.69,2026-01-02
2026-01-02 10:00:00,3.018,3.025,2.995,3.024,327998.02,2026-01-02
2026-01-02 11:00:00,3.025,3.037,3.002,3.012,178027.66,2026-01-02
2026-01-02 12:00:00,3.011,3.041,3.003,3.023,145343.17,2026-01-02
2026-01-02 13:00:00,3.023,3.028,3.001,3.002,156224.6,2026-01-02
2026-01-02 14:00:00,3.002,3.065,2.968,3.035,439927.03,2026-01-02
2026-01-02 15:00:00,3.036,3.047,2.999,3.01,175742.63,2026-01-02
2026-01-02 16:00:00,3.011,3.085,3.008,3.083,339175.09,2026-01-02
2026-01-02 17:00:00,3.084,3.107,3.053,3.068,292299.94,2026-01-02
2026-01-02 18:00:00,3.068,3.087,3.047,3.066,144036.07,2026-01-02
2026-01-02 19:00:00,3.067,3.101,3.065,3.085,83664.98,2026-01-02
2026-01-02 20:00:00,3.086,3.099,3.07,3.074,63119.51,2026-01-02
2026-01-02 21:00:00,3.074,3.116,3.065,3.107,132616.82,2026-01-02
2026-01-02 22:00:00,3.108,3.191,3.108,3.123,422216.6,2026-01-02
2026-01-02 23:00:00,3.123,3.17,3.114,3.158,261341.34,2026-01-02
2026-01-03 00:00:00,3.157,3.193,3.155,3.189,198113.67,2026-01-03
2026-01-03 01:00:00,3.188,3.188,3.142,3.171,166005.4,2026-01-03
2026-01-03 02:00:00,3.171,3.193,3.156,3.188,127085.58,2026-01-03
2026-01-03 03:00:00,3.187,3.2,3.167,3.196,163919.07,2026-01-03
2026-01-03 04:00:00,3.195,3.217,3.156,3.164,335762.16,2026-01-03
2026-01-03 05:00:00,3.164,3.175,3.137,3.158,158101.35,2026-01-03
2026-01-03 06:00:00,3.158,3.175,3.111,3.118,172625.5,2026-01-03
2026-01-03 07:00:00,3.118,3.12,3.063,3.069,320558.38,2026-01-03
2026-01-03 08:00:00,3.069,3.084,3.058,3.07,163584.44,2026-01-03
2026-01-03 09:00:00,3.071,3.098,3.066,3.084,125127.32,2026-01-03
2026-01-03 10:00:00,3.084,3.108,3.077,3.094,126388.21,2026-01-03
2026-01-03 11:00:00,3.094,3.095,3.074,3.088,122540.64,2026-01-03
2026-01-03 12:00:00,3.087,3.137,3.085,3.134,160309.74,2026-01-03
2026-01-03 13:00:00,3.133,3.154,3.127,3.128,122330.36,2026-01-03
2026-01-03 14:00:00,3.128,3.137,3.096,3.1,234486.9,2026-01-03
2026-01-03 15:00:00,3.1,3.107,3.087,3.099,188549.91,2026-01-03
2026-01-03 16:00:00,3.1,3.123,3.085,3.108,130802.64,2026-01-03
2026-01-03 17:00:00,3.108,3.127,3.103,3.115,79864.74,2026-01-03
2026-01-03 18:00:00,3.113,3.125,3.095,3.122,101479.68,2026-01-03
2026-01-03 19:00:00,3.122,3.126,3.108,3.109,34646.29,2026-01-03
2026-01-03 20:00:00,3.11,3.111,3.085,3.099,73928.34,2026-01-03
2026-01-03 21:00:00,3.099,3.117,3.092,3.1,60920.07,2026-01-03
2026-01-03 22:00:00,3.1,3.135,3.096,3.134,56734.77,2026-01-03
2026-01-03 23:00:00,3.134,3.136,3.116,3.127,74120.95,2026-01-03
2026-01-04 00:00:00,3.127,3.159,3.119,3.146,178530.97,2026-01-04
2026-01-04 01:00:00,3.146,3.152,3.121,3.146,96332.69,2026-01-04
2026-01-04 02:00:00,3.145,3.161,3.135,3.152,78644.26,2026-01-04
2026-01-04 03:00:00,3.151,3.18,3.151,3.176,122427.03,2026-01-04
2026-01-04 04:00:00,3.176,3.192,3.165,3.169,213691.22,2026-01-04
2026-01-04 05:00:00,3.168,3.19,3.15,3.189,108286.9,2026-01-04
2026-01-04 06:00:00,3.19,3.194,3.127,3.137,141654.1,2026-01-04
2026-01-04 07:00:00,3.138,3.173,3.133,3.155,103388.24,2026-01-04
2026-01-04 08:00:00,3.154,3.161,3.131,3.159,123664.16,2026-01-04
2026-01-04 09:00:00,3.158,3.202,3.146,3.2,126716.61,2026-01-04
2026-01-04 10:00:00,3.199,3.229,3.191,3.197,202246.31,2026-01-04
2026-01-04 11:00:00,3.196,3.248,3.189,3.243,311292.54,2026-01-04
2026-01-04 12:00:00,3.243,3.256,3.198,3.2,277249.33,2026-01-04
2026-01-04 13:00:00,3.201,3.228,3.175,3.226,207126.62,2026-01-04
2026-01-04 14:00:00,3.227,3.232,3.195,3.229,130008.69,2026-01-04
2026-01-04 15:00:00,3.229,3.247,3.201,3.243,220054.67,2026-01-04
2026-01-04 16:00:00,3.242,3.287,3.232,3.286,183213.75,2026-01-04
2026-01-04 17:00:00,3.286,3.287,3.262,3.282,208122.2,2026-01-04
2026-01-04 18:00:00,3.283,3.29,3.227,3.242,168166.95,2026-01-04
2026-01-04 19:00:00,3.242,3.246,3.206,3.232,162109.02,2026-01-04
2026-01-04 20:00:00,3.232,3.255,3.226,3.25,121600.72,2026-01-04
2026-01-04 21:00:00,3.25,3.283,3.235,3.248,151116.09,2026-01-04
2026-01-04 22:00:00,3.248,3.278,3.241,3.269,95598.51,2026-01-04
2026-01-04 23:00:00,3.27,3.291,3.254,3.27,85097.3,2026-01-04
2026-01-05 00:00:00,3.27,3.306,3.257,3.279,194913.34,2026-01-05
2026-01-05 01:00:00,3.279,3.326,3.271,3.318,189358.81,2026-01-05
2026-01-05 02:00:00,3.319,3.332,3.283,3.313,165837.11,2026-01-05
2026-01-05 03:00:00,3.313,3.313,3.269,3.286,177148.12,2026-01-05
2026-01-05 04:00:00,3.287,3.308,3.226,3.25,185911.93,2026-01-05
2026-01-05 05:00:00,3.249,3.263,3.23,3.237,123489.22,2026-01-05
2026-01-05 06:00:00,3.237,3.252,3.203,3.239,140679.67,2026-01-05
2026-01-05 07:00:00,3.238,3.262,3.223,3.247,138676.47,2026-01-05
2026-01-05 08:00:00,3.247,3.263,3.207,3.222,124896.17,2026-01-05
2026-01-05 09:00:00,3.221,3.224,3.188,3.205,161829.65,2026-01-05
2026-01-05 10:00:00,3.206,3.227,3.184,3.2,179617.09,2026-01-05
2026-01-05 11:00:00,3.199,3.214,3.189,3.211,132813.92,2026-01-05
2026-01-05 12:00:00,3.211,3.247,3.193,3.238,116050.94,2026-01-05
2026-01-05 13:00:00,3.238,3.243,3.191,3.2,219859.3,2026-01-05
2026-01-05 14:00:00,3.199,3.267,3.19,3.253,193110.67,2026-01-05
2026-01-05 15:00:00,3.253,3.325,3.223,3.322,285353.61,2026-01-05
2026-01-05 16:00:00,3.322,3.47,3.307,3.393,915811.37,2026-01-05
2026-01-05 17:00:00,3.392,3.426,3.339,3.405,415026.85,2026-01-05
2026-01-05 18:00:00,3.404,3.464,3.398,3.429,475979.83,2026-01-05
2026-01-05 19:00:00,3.429,3.484,3.413,3.418,380755.04,2026-01-05
2026-01-05 20:00:00,3.418,3.455,3.392,3.406,180297.84,2026-01-05
2026-01-05 21:00:00,3.407,3.425,3.389,3.393,117534.25,2026-01-05
2026-01-05 22:00:00,3.394,3.48,3.38,3.423,176296.67,2026-01-05
2026-01-05 23:00:00,3.423,3.467,3.398,3.405,224698.68,2026-01-05
2026-01-06 00:00:00,3.405,3.427,3.369,3.403,131967.96,2026-01-06
2026-01-06 01:00:00,3.403,3.463,3.393,3.407,238749.65,2026-01-06
2026-01-06 02:00:00,3.406,3.444,3.398,3.42,227950.46,2026-01-06
2026-01-06 03:00:00,3.42,3.445,3.412,3.427,103725.51,2026-01-06
2026-01-06 04:00:00,3.426,3.467,3.424,3.439,178799.15,2026-01-06
2026-01-06 05:00:00,3.439,3.458,3.4,3.404,200439.6,2026-01-06
2026-01-06 06:00:00,3.404,3.435,3.377,3.43,258690.56,2026-01-06
2026-01-06 07:00:00,3.43,3.448,3.378,3.396,410764.21,2026-01-06
2026-01-06 08:00:00,3.396,3.424,3.38,3.389,230588.18,2026-01-06
2026-01-06 09:00:00,3.388,3.403,3.38,3.389,120175.19,2026-01-06
2026-01-06 10:00:00,3.388,3.399,3.373,3.385,80545.44,2026-01-06
2026-01-06 11:00:00,3.385,3.424,3.378,3.409,109091.78,2026-01-06
2026-01-06 12:00:00,3.41,3.467,3.4,3.455,166936.65,2026-01-06
2026-01-06 13:00:00,3.456,3.503,3.448,3.465,338755.09,2026-01-06
2026-01-06 14:00:00,3.465,3.568,3.463,3.499,686948.78,2026-01-06
2026-01-06 15:00:00,3.498,3.506,3.366,3.386,550517.4,2026-01-06
2026-01-06 16:00:00,3.385,3.392,3.28,3.311,575896.45,2026-01-06
2026-01-06 17:00:00,3.31,3.325,3.224,3.232,339561.92,2026-01-06
2026-01-06 18:00:00,3.232,3.296,3.222,3.29,179274.02,2026-01-06
2026-01-06 19:00:00,3.291,3.313,3.281,3.289,143662.66,2026-01-06
2026-01-06 20:00:00,3.289,3.357,3.289,3.341,156953.73,2026-01-06
2026-01-06 21:00:00,3.34,3.411,3.325,3.394,124576.71,2026-01-06
2026-01-06 22:00:00,3.394,3.413,3.355,3.367,127854.32,2026-01-06
2026-01-06 23:00:00,3.368,3.393,3.367,3.388,104848.51,2026-01-06
2026-01-07 00:00:00,3.388,3.39,3.302,3.306,172080.37,2026-01-07
2026-01-07 01:00:00,3.307,3.321,3.278,3.284,146891.69,2026-01-07
2026-01-07 02:00:00,3.284,3.298,3.271,3.29,144501.45,2026-01-07
2026-01-07 03:00:00,3.29,3.305,3.274,3.283,77322.93,2026-01-07
2026-01-07 04:00:00,3.284,3.291,3.259,3.267,65520.75,2026-01-07
2026-01-07 05:00:00,3.267,3.302,3.264,3.282,80658.38,2026-01-07
2026-01-07 06:00:00,3.282,3.297,3.274,3.297,87235.36,2026-01-07
2026-01-07 07:00:00,3.295,3.356,3.295,3.35,113176.39,2026-01-07
2026-01-07 08:00:00,3.351,3.367,3.335,3.35,139058.15,2026-01-07
2026-01-07 09:00:00,3.349,3.352,3.285,3.29,190010.61,2026-01-07
2026-01-07 10:00:00,3.289,3.337,3.283,3.325,141498.65,2026-01-07
2026-01-07 11:00:00,3.325,3.339,3.318,3.332,65636.79,2026-01-07
2026-01-07 12:00:00,3.332,3.335,3.299,3.301,72296.5,2026-01-07
2026-01-07 13:00:00,3.301,3.323,3.276,3.28,82255.23,2026-01-07
2026-01-07 14:00:00,3.28,3.286,3.213,3.277,270252.46,2026-01-07
2026-01-07 15:00:00,3.277,3.278,3.201,3.22,235222.42,2026-01-07
2026-01-07 16:00:00,3.219,3.238,3.152,3.218,284102.22,2026-01-07
2026-01-07 17:00:00,3.22,3.269,3.214,3.243,211606.99,2026-01-07
2026-01-07 18:00:00,3.243,3.293,3.235,3.265,138530.96,2026-01-07
2026-01-07 19:00:00,3.264,3.3,3.233,3.275,138261.53,2026-01-07
2026-01-07 20:00:00,3.275,3.28,3.24,3.246,87895.98,2026-01-07
2026-01-07 21:00:00,3.245,3.26,3.228,3.229,90618.12,2026-01-07
2026-01-07 22:00:00,3.229,3.26,3.205,3.217,201402.95,2026-01-07
2026-01-07 23:00:00,3.218,3.254,3.196,3.227,119888.17,2026-01-07
2026-01-08 00:00:00,3.228,3.249,3.213,3.243,65745.11,2026-01-08
2026-01-08 01:00:00,3.243,3.254,3.232,3.248,50049.41,2026-01-08
2026-01-08 02:00:00,3.246,3.254,3.21,3.217,99250.66,2026-01-08
2026-01-08 03:00:00,3.217,3.238,3.177,3.186,97629.72,2026-01-08
2026-01-08 04:00:00,3.187,3.224,3.178,3.212,52678.17,2026-01-08
2026-01-08 05:00:00,3.213,3.245,3.21,3.213,50120.19,2026-01-08
2026-01-08 06:00:00,3.214,3.221,3.143,3.147,162249.73,2026-01-08
2026-01-08 07:00:00,3.146,3.202,3.126,3.195,195336.17,2026-01-08
2026-01-08 08:00:00,3.195,3.211,3.152,3.158,130852.24,2026-01-08
2026-01-08 09:00:00,3.159,3.172,3.135,3.141,71736.37,2026-01-08
2026-01-08 10:00:00,3.141,3.167,3.112,3.159,142832.41,2026-01-08
2026-01-08 11:00:00,3.159,3.161,3.121,3.143,209236.98,2026-01-08
2026-01-08 12:00:00,3.143,3.145,3.104,3.115,141190.07,2026-01-08
2026-01-08 13:00:00,3.115,3.127,3.096,3.109,122851.96,2026-01-08
2026-01-08 14:00:00,3.109,3.125,3.072,3.115,245866.45,2026-01-08
2026-01-08 15:00:00,3.113,3.188,3.096,3.185,320560.04,2026-01-08
2026-01-08 16:00:00,3.186,3.201,3.158,3.2,113926.7,2026-01-08
2026-01-08 17:00:00,3.2,3.219,3.178,3.214,96184.8,2026-01-08
2026-01-08 18:00:00,3.213,3.216,3.188,3.2,118295.35,2026-01-08
2026-01-08 19:00:00,3.2,3.215,3.159,3.163,139743.28,2026-01-08
2026-01-08 20:00:00,3.161,3.161,3.132,3.151,72248.04,2026-01-08
2026-01-08 21:00:00,3.152,3.196,3.152,3.189,57948.49,2026-01-08
2026-01-08 22:00:00,3.19,3.211,3.167,3.193,84146.0,2026-01-08
2026-01-08 23:00:00,3.192,3.199,3.173,3.177,35452.75,2026-01-08
2026-01-09 00:00:00,3.177,3.206,3.177,3.203,40154.68,2026-01-09
2026-01-09 01:00:00,3.203,3.234,3.168,3.183,198914.13,2026-01-09
2026-01-09 02:00:00,3.183,3.214,3.176,3.178,57362.7,2026-01-09
2026-01-09 03:00:00,3.178,3.22,3.173,3.22,49271.89,2026-01-09
2026-01-09 04:00:00,3.218,3.222,3.203,3.205,44606.11,2026-01-09
2026-01-09 05:00:00,3.205,3.216,3.193,3.215,38208.57,2026-01-09
2026-01-09 06:00:00,3.214,3.234,3.198,3.211,88429.91,2026-01-09
2026-01-09 07:00:00,3.211,3.211,3.191,3.192,44640.27,2026-01-09
2026-01-09 08:00:00,3.192,3.199,3.125,3.149,148659.78,2026-01-09
2026-01-09 09:00:00,3.148,3.175,3.146,3.156,85199.51,2026-01-09
2026-01-09 10:00:00,3.157,3.183,3.152,3.183,73563.8,2026-01-09
2026-01-09 11:00:00,3.182,3.209,3.181,3.187,97082.01,2026-01-09
2026-01-09 12:00:00,3.185,3.195,3.169,3.18,59189.67,2026-01-09
2026-01-09 13:00:00,3.181,3.252,3.181,3.243,231532.56,2026-01-09
2026-01-09 14:00:00,3.243,3.247,3.185,3.191,208702.57,2026-01-09
2026-01-09 15:00:00,3.191,3.307,3.171,3.282,387368.17,2026-01-09
2026-01-09 16:00:00,3.281,3.393,3.281,3.302,395366.19,2026-01-09
2026-01-09 17:00:00,3.302,3.305,3.218,3.25,183429.25,2026-01-09
2026-01-09 18:00:00,3.249,3.25,3.167,3.208,215567.52,2026-01-09
2026-01-09 19:00:00,3.207,3.207,3.16,3.171,132042.79,2026-01-09
2026-01-09 20:00:00,3.17,3.204,3.167,3.185,74424.46,2026-01-09
2026-01-09 21:00:00,3.185,3.216,3.169,3.203,63349.29,2026-01-09
2026-01-09 22:00:00,3.203,3.229,3.187,3.224,69420.32,2026-01-09
2026-01-09 23:00:00,3.224,3.224,3.197,3.202,35341.69,2026-01-09
2026-01-10 00:00:00,3.203,3.204,3.17,3.177,60794.85,2026-01-10
2026-01-10 01:00:00,3.177,3.193,3.174,3.183,33951.58,2026-01-10
2026-01-10 02:00:00,3.183,3.183,3.13,3.154,197174.43,2026-01-10
2026-01-10 03:00:00,3.153,3.165,3.13,3.161,106370.47,2026-01-10
2026-01-10 04:00:00,3.162,3.162,3.136,3.141,71901.17,2026-01-10
2026-01-10 05:00:00,3.142,3.156,3.139,3.145,40046.9,2026-01-10
2026-01-10 06:00:00,3.145,3.16,3.129,3.153,58391.27,2026-01-10
2026-01-10 07:00:00,3.153,3.175,3.153,3.169,63397.6,2026-01-10
2026-01-10 08:00:00,3.17,3.175,3.155,3.168,46181.43,2026-01-10
2026-01-10 09:00:00,3.167,3.203,3.164,3.202,83282.6,2026-01-10
2026-01-10 10:00:00,3.202,3.204,3.186,3.2,61172.83,2026-01-10
2026-01-10 11:00:00,3.2,3.21,3.191,3.208,38475.44,2026-01-10
2026-01-10 12:00:00,3.209,3.219,3.198,3.214,74443.47,2026-01-10
2026-01-10 13:00:00,3.213,3.217,3.192,3.196,62432.23,2026-01-10
2026-01-10 14:00:00,3.196,3.197,3.175,3.179,101811.49,2026-01-10
2026-01-10 15:00:00,3.18,3.188,3.173,3.182,74948.05,2026-01-10
2026-01-10 16:00:00,3.181,3.192,3.17,3.192,77429.98,2026-01-10
2026-01-10 17:00:00,3.193,3.218,3.172,3.174,71661.21,2026-01-10
2026-01-10 18:00:00,3.175,3.204,3.174,3.191,58017.37,2026-01-10
2026-01-10 19:00:00,3.191,3.248,3.191,3.246,93602.5,2026-01-10
2026-01-10 20:00:00,3.247,3.252,3.22,3.223,77217.32,2026-01-10
2026-01-10 21:00:00,3.223,3.225,3.206,3.207,40112.27,2026-01-10
2026-01-10 22:00:00,3.207,3.207,3.161,3.163,54541.81,2026-01-10
2026-01-10 23:00:00,3.164,3.19,3.162,3.187,30641.22,2026-01-10
2026-01-11 00:00:00,3.187,3.189,3.17,3.184,46619.76,2026-01-11
2026-01-11 01:00:00,3.185,3.205,3.179,3.195,121419.33,2026-01-11
2026-01-11 02:00:00,3.197,3.204,3.183,3.184,38269.67,2026-01-11
2026-01-11 03:00:00,3.184,3.197,3.182,3.195,27293.87,2026-01-11
2026-01-11 04:00:00,3.195,3.196,3.178,3.186,46618.89,2026-01-11
2026-01-11 05:00:00,3.186,3.189,3.167,3.185,46473.06,2026-01-11
2026-01-11 06:00:00,3.184,3.194,3.157,3.194,39337.4,2026-01-11
2026-01-11 07:00:00,3.195,3.199,3.182,3.188,45745.47,2026-01-11
2026-01-11 08:00:00,3.188,3.197,3.178,3.193,36207.72,2026-01-11
2026-01-11 09:00:00,3.192,3.221,3.189,3.211,73999.35,2026-01-11
2026-01-11 10:00:00,3.21,3.22,3.199,3.217,36033.2,2026-01-11
2026-01-11 11:00:00,3.218,3.227,3.206,3.213,27126.38,2026-01-11
2026-01-11 12:00:00,3.214,3.258,3.212,3.245,145660.82,2026-01-11
2026-01-11 13:00:00,3.245,3.246,3.204,3.21,104246.78,2026-01-11
2026-01-11 14:00:00,3.209,3.227,3.205,3.22,79676.35,2026-01-11
2026-01-11 15:00:00,3.221,3.225,3.16,3.177,135575.6,2026-01-11
2026-01-11 16:00:00,3.176,3.231,3.171,3.199,180740.35,2026-01-11
2026-01-11 17:00:00,3.201,3.203,3.17,3.201,89249.77,2026-01-11
2026-01-11 18:00:00,3.201,3.201,3.174,3.194,40817.15,2026-01-11
2026-01-11 19:00:00,3.194,3.201,3.18,3.181,32769.61,2026-01-11
2026-01-11 20:00:00,3.181,3.181,3.128,3.145,161703.1,2026-01-11
2026-01-11 21:00:00,3.145,3.162,3.126,3.157,53241.41,2026-01-11
2026-01-11 22:00:00,3.155,3.155,3.12,3.128,105338.67,2026-01-11
2026-01-11 23:00:00,3.127,3.154,3.098,3.153,349179.61,2026-01-11
2026-01-12 00:00:00,3.154,3.185,3.123,3.172,187902.05,2026-01-12
2026-01-12 01:00:00,3.173,3.208,3.165,3.184,146031.64,2026-01-12
2026-01-12 02:00:00,3.185,3.241,3.183,3.235,129211.91,2026-01-12
2026-01-12 03:00:00,3.235,3.242,3.191,3.192,102193.77,2026-01-12
2026-01-12 04:00:00,3.192,3.25,3.187,3.247,146499.03,2026-01-12
2026-01-12 05:00:00,3.247,3.248,3.215,3.221,123689.94,2026-01-12
2026-01-12 06:00:00,3.221,3.228,3.185,3.192,64167.64,2026-01-12
2026-01-12 07:00:00,3.191,3.206,3.146,3.15,72726.45,2026-01-12
2026-01-12 08:00:00,3.148,3.171,3.107,3.135,148415.53,2026-01-12
2026-01-12 09:00:00,3.135,3.143,3.12,3.123,82821.12,2026-01-12
2026-01-12 10:00:00,3.125,3.141,3.122,3.13,84159.68,2026-01-12
2026-01-12 11:00:00,3.13,3.154,3.128,3.142,61122.6,2026-01-12
2026-01-12 12:00:00,3.142,3.147,3.123,3.124,50654.38,2026-01-12
2026-01-12 13:00:00,3.125,3.129,3.085,3.093,105156.55,2026-01-12
2026-01-12 14:00:00,3.094,3.142,3.064,3.125,236150.56,2026-01-12
2026-01-12 15:00:00,3.126,3.17,3.116,3.164,121848.46,2026-01-12
2026-01-12 16:00:00,3.163,3.198,3.148,3.18,114624.1,2026-01-12
2026-01-12 17:00:00,3.181,3.196,3.122,3.151,122240.09,2026-01-12
2026-01-12 18:00:00,3.15,3.176,3.14,3.152,69750.35,2026-01-12
2026-01-12 19:00:00,3.152,3.16,3.134,3.156,56920.73,2026-01-12
2026-01-12 20:00:00,3.156,3.172,3.126,3.132,62351.53,2026-01-12
2026-01-12 21:00:00,3.132,3.135,3.091,3.104,89266.68,2026-01-12
2026-01-12 22:00:00,3.104,3.131,3.102,3.12,61379.23,2026-01-12
2026-01-12 23:00:00,3.122,3.126,3.104,3.113,52723.03,2026-01-12
2026-01-13 00:00:00,3.113,3.129,3.108,3.127,83958.2,2026-01-13
2026-01-13 01:00:00,3.127,3.135,3.111,3.129,42053.4,2026-01-13
2026-01-13 02:00:00,3.13,3.155,3.117,3.119,71284.55,2026-01-13
2026-01-13 03:00:00,3.119,3.153,3.115,3.146,76422.71,2026-01-13
2026-01-13 04:00:00,3.146,3.172,3.145,3.171,62848.07,2026-01-13
2026-01-13 05:00:00,3.172,3.207,3.168,3.172,105821.67,2026-01-13
2026-01-13 06:00:00,3.173,3.219,3.173,3.214,94780.51,2026-01-13
2026-01-13 07:00:00,3.215,3.222,3.202,3.212,72517.51,2026-01-13
2026-01-13 08:00:00,3.211,3.24,3.193,3.234,74512.51,2026-01-13
2026-01-13 09:00:00,3.233,3.263,3.22,3.23,110882.26,2026-01-13
2026-01-13 10:00:00,3.231,3.317,3.221,3.277,424858.67,2026-01-13
2026-01-13 11:00:00,3.278,3.355,3.278,3.335,458010.01,2026-01-13
2026-01-13 12:00:00,3.336,3.487,3.32,3.434,1067446.03,2026-01-13
2026-01-13 13:00:00,3.434,3.477,3.31,3.372,1472879.37,2026-01-13
2026-01-13 14:00:00,3.371,3.55,3.37,3.497,790792.27,2026-01-13
2026-01-13 15:00:00,3.497,3.747,3.472,3.677,1934894.28,2026-01-13
2026-01-13 16:00:00,3.677,3.746,3.546,3.56,949183.26,2026-01-13
2026-01-13 17:00:00,3.561,3.57,3.495,3.519,459586.33,2026-01-13
2026-01-13 18:00:00,3.519,3.547,3.476,3.489,273739.13,2026-01-13
2026-01-13 19:00:00,3.489,3.593,3.463,3.566,378419.24,2026-01-13
2026-01-13 20:00:00,3.566,3.598,3.476,3.498,356420.09,2026-01-13
2026-01-13 21:00:00,3.499,3.545,3.492,3.532,186946.91,2026-01-13
2026-01-13 22:00:00,3.532,3.653,3.532,3.64,482604.54,2026-01-13
2026-01-13 23:00:00,3.64,3.654,3.578,3.626,345795.42,2026-01-13
2026-01-14 00:00:00,3.626,3.64,3.555,3.565,214184.57,2026-01-14
2026-01-14 01:00:00,3.564,3.585,3.541,3.55,250800.16,2026-01-14
2026-01-14 02:00:00,3.551,3.585,3.53,3.547,246759.71,2026-01-14
2026-01-14 03:00:00,3.546,3.556,3.53,3.546,140943.62,2026-01-14
2026-01-14 04:00:00,3.547,3.599,3.516,3.577,406862.07,2026-01-14
2026-01-14 05:00:00,3.577,3.615,3.552,3.597,241377.63,2026-01-14
2026-01-14 06:00:00,3.597,3.684,3.558,3.684,441451.3,2026-01-14
2026-01-14 07:00:00,3.685,3.689,3.608,3.649,438063.62,2026-01-14
2026-01-14 08:00:00,3.648,3.74,3.642,3.736,463687.07,2026-01-14
2026-01-14 09:00:00,3.737,3.874,3.716,3.87,1242941.63,2026-01-14
2026-01-14 10:00:00,3.87,3.944,3.804,3.828,1131968.89,2026-01-14
2026-01-14 11:00:00,3.827,3.881,3.752,3.873,583902.1,2026-01-14
2026-01-14 12:00:00,3.873,3.99,3.829,3.965,957362.71,2026-01-14
2026-01-14 13:00:00,3.966,4.068,3.931,4.025,1786841.26,2026-01-14
2026-01-14 14:00:00,4.026,4.2,3.973,4.18,1458649.79,2026-01-14
2026-01-14 15:00:00,4.177,4.241,4.066,4.15,1467778.34,2026-01-14
2026-01-14 16:00:00,4.151,4.197,4.055,4.152,1086258.35,2026-01-14
2026-01-14 17:00:00,4.152,4.366,4.136,4.3,1660998.73,2026-01-14
2026-01-14 18:00:00,4.3,4.356,4.174,4.296,935469.66,2026-01-14
2026-01-14 19:00:00,4.296,4.444,4.22,4.416,1228628.48,2026-01-14
2026-01-14 20:00:00,4.417,4.502,4.312,4.485,1068572.51,2026-01-14
2026-01-14 21:00:00,4.484,4.723,4.412,4.628,2782389.71,2026-01-14
2026-01-14 22:00:00,4.63,4.669,4.425,4.539,1286748.73,2026-01-14
2026-01-14 23:00:00,4.54,4.685,4.462,4.541,1161817.86,2026-01-14
2026-01-15 00:00:00,4.54,4.755,4.487,4.741,1020958.29,2026-01-15
2026-01-15 01:00:00,4.74,4.822,4.643,4.657,1575935.32,2026-01-15
2026-01-15 02:00:00,4.657,4.722,4.363,4.407,1550653.27,2026-01-15
2026-01-15 03:00:00,4.407,4.48,4.367,4.388,959814.37,2026-01-15
2026-01-15 04:00:00,4.388,4.579,4.388,4.526,748921.53,2026-01-15
2026-01-15 05:00:00,4.526,4.745,4.523,4.666,1779413.33,2026-01-15
2026-01-15 06:00:00,4.666,4.709,4.444,4.507,2581216.91,2026-01-15
2026-01-15 07:00:00,4.505,4.525,4.383,4.415,1271621.02,2026-01-15
2026-01-15 08:00:00,4.415,4.435,4.239,4.276,1419882.33,2026-01-15
2026-01-15 09:00:00,4.276,4.329,4.171,4.3,988110.52,2026-01-15
2026-01-15 10:00:00,4.301,4.363,4.214,4.255,643561.42,2026-01-15
2026-01-15 11:00:00,4.255,4.336,4.255,4.303,393399.82,2026-01-15
2026-01-15 12:00:00,4.302,4.333,4.256,4.297,255100.35,2026-01-15
2026-01-15 13:00:00,4.297,4.444,4.245,4.271,710035.19,2026-01-15
2026-01-15 14:00:00,4.271,4.343,4.235,4.24,493871.13,2026-01-15
2026-01-15 15:00:00,4.239,4.319,4.156,4.298,599862.67,2026-01-15
2026-01-15 16:00:00,4.297,4.341,4.212,4.26,505723.36,2026-01-15
2026-01-15 17:00:00,4.261,4.274,4.163,4.168,290224.31,2026-01-15
2026-01-15 18:00:00,4.168,4.191,4.083,4.115,1027497.53,2026-01-15
2026-01-15 19:00:00,4.114,4.218,4.085,4.212,493817.55,2026-01-15
2026-01-15 20:00:00,4.211,4.292,4.188,4.199,460045.69,2026-01-15
2026-01-15 21:00:00,4.199,4.243,4.175,4.188,183598.77,2026-01-15
2026-01-15 22:00:00,4.187,4.278,4.185,4.257,239791.73,2026-01-15
2026-01-15 23:00:00,4.257,4.284,4.232,4.264,162950.43,2026-01-15
2026-01-16 00:00:00,4.264,4.373,4.257,4.334,472479.01,2026-01-16
2026-01-16 01:00:00,4.333,4.549,4.316,4.494,799167.3,2026-01-16
2026-01-16 02:00:00,4.493,4.682,4.401,4.671,1153351.29,2026-01-16
2026-01-16 03:00:00,4.672,4.694,4.433,4.44,803119.86,2026-01-16
2026-01-16 04:00:00,4.44,4.493,4.271,4.332,690818.62,2026-01-16
2026-01-16 05:00:00,4.331,4.461,4.33,4.361,513702.89,2026-01-16
2026-01-16 06:00:00,4.361,4.389,4.259,4.269,364911.08,2026-01-16
2026-01-16 07:00:00,4.268,4.291,4.239,4.267,268926.7,2026-01-16
2026-01-16 08:00:00,4.267,4.394,4.251,4.369,494551.91,2026-01-16
2026-01-16 09:00:00,4.368,4.432,4.36,4.417,547958.73,2026-01-16
2026-01-16 10:00:00,4.416,4.441,4.339,4.345,340006.34,2026-01-16
2026-01-16 11:00:00,4.346,4.356,4.219,4.272,489389.66,2026-01-16
2026-01-16 12:00:00,4.271,4.298,4.224,4.239,237511.02,2026-01-16
2026-01-16 13:00:00,4.238,4.24,4.179,4.225,437601.43,2026-01-16
2026-01-16 14:00:00,4.224,4.285,4.203,4.232,215955.03,2026-01-16
2026-01-16 15:00:00,4.231,4.294,4.115,4.148,634608.44,2026-01-16
2026-01-16 16:00:00,4.147,4.278,4.137,4.232,406563.64,2026-01-16
2026-01-16 17:00:00,4.231,4.249,4.188,4.241,161963.83,2026-01-16
2026-01-16 18:00:00,4.242,4.25,4.15,4.166,188187.97,2026-01-16
2026-01-16 19:00:00,4.165,4.165,4.106,4.142,186794.12,2026-01-16
2026-01-16 20:00:00,4.142,4.213,4.067,4.208,285388.18,2026-01-16
2026-01-16 21:00:00,4.208,4.249,4.18,4.2,188663.7,2026-01-16
2026-01-16 22:00:00,4.2,4.243,4.194,4.224,110620.9,2026-01-16
2026-01-16 23:00:00,4.226,4.238,4.17,4.179,109281.08,2026-01-16
2026-01-17 00:00:00,4.18,4.186,4.102,4.132,317667.8,2026-01-17
2026-01-17 01:00:00,4.131,4.162,4.08,4.082,246799.06,2026-01-17
2026-01-17 02:00:00,4.083,4.122,4.068,4.114,182233.2,2026-01-17
2026-01-17 03:00:00,4.115,4.146,4.093,4.129,163225.89,2026-01-17
2026-01-17 04:00:00,4.128,4.137,4.102,4.126,96199.41,2026-01-17
2026-01-17 05:00:00,4.126,4.148,4.082,4.091,195496.01,2026-01-17
2026-01-17 06:00:00,4.091,4.099,4.01,4.016,413741.48,2026-01-17
2026-01-17 07:00:00,4.016,4.018,3.973,4.011,417534.49,2026-01-17
2026-01-17 08:00:00,4.011,4.029,3.941,3.965,390872.21,2026-01-17
2026-01-17 09:00:00,3.965,4.018,3.958,3.998,187424.98,2026-01-17
2026-01-17 10:00:00,3.997,4.022,3.985,3.997,176281.86,2026-01-17
2026-01-17 11:00:00,3.996,4.014,3.97,3.98,133564.46,2026-01-17
2026-01-17 12:00:00,3.979,3.987,3.942,3.949,241713.53,2026-01-17
2026-01-17 13:00:00,3.95,3.998,3.933,3.997,256825.14,2026-01-17
2026-01-17 14:00:00,3.996,4.068,3.966,4.037,392401.37,2026-01-17
2026-01-17 15:00:00,4.038,4.06,4.014,4.052,271854.9,2026-01-17
2026-01-17 16:00:00,4.051,4.056,3.948,3.964,259527.93,2026-01-17
2026-01-17 17:00:00,3.963,4.005,3.958,4.002,140739.46,2026-01-17
2026-01-17 18:00:00,4.002,4.05,3.98,4.041,158988.61,2026-01-17
2026-01-17 19:00:00,4.041,4.042,4.014,4.029,121622.43,2026-01-17
2026-01-17 20:00:00,4.029,4.034,4.0,4.022,163788.93,2026-01-17
2026-01-17 21:00:00,4.023,4.036,4.014,4.027,94681.52,2026-01-17
2026-01-17 22:00:00,4.027,4.043,3.977,3.998,162639.76,2026-01-17
2026-01-17 23:00:00,3.997,4.022,3.967,3.986,165549.96,2026-01-17
2026-01-18 00:00:00,3.985,4.028,3.983,4.019,145589.32,2026-01-18
2026-01-18 01:00:00,4.019,4.019,3.953,3.976,188589.35,2026-01-18
2026-01-18 02:00:00,3.975,4.007,3.94,3.982,154318.79,2026-01-18
2026-01-18 03:00:00,3.981,4.043,3.966,4.035,186180.59,2026-01-18
2026-01-18 04:00:00,4.036,4.047,3.978,4.046,179872.4,2026-01-18
2026-01-18 05:00:00,4.046,4.14,4.037,4.061,572470.76,2026-01-18
2026-01-18 06:00:00,4.061,4.065,3.996,4.013,212180.0,2026-01-18
2026-01-18 07:00:00,4.013,4.013,3.958,3.975,167355.49,2026-01-18
2026-01-18 08:00:00,3.974,3.995,3.957,3.98,147311.65,2026-01-18
2026-01-18 09:00:00,3.98,4.076,3.979,4.011,345823.85,2026-01-18
2026-01-18 10:00:00,4.011,4.051,3.981,4.024,204691.12,2026-01-18
2026-01-18 11:00:00,4.025,4.043,3.998,4.018,179934.75,2026-01-18
2026-01-18 12:00:00,4.018,4.07,3.993,4.014,238483.68,2026-01-18
2026-01-18 13:00:00,4.015,4.046,3.988,4.024,215508.04,2026-01-18
2026-01-18 14:00:00,4.024,4.059,3.982,3.984,227328.42,2026-01-18
2026-01-18 15:00:00,3.983,4.055,3.978,4.053,269842.61,2026-01-18
2026-01-18 16:00:00,4.052,4.316,4.018,4.231,1270075.19,2026-01-18
2026-01-18 17:00:00,4.231,4.302,4.092,4.166,940944.97,2026-01-18
2026-01-18 18:00:00,4.165,4.165,4.089,4.112,262377.87,2026-01-18
2026-01-18 19:00:00,4.111,4.132,4.035,4.068,384758.93,2026-01-18
2026-01-18 20:00:00,4.069,4.151,4.061,4.116,330640.55,2026-01-18
2026-01-18 21:00:00,4.116,4.189,4.081,4.182,409231.09,2026-01-18
2026-01-18 22:00:00,4.182,4.258,4.15,4.204,457566.25,2026-01-18
2026-01-18 23:00:00,4.203,4.211,3.872,3.896,877465.5,2026-01-18
2026-01-19 00:00:00,3.896,3.898,3.446,3.735,1716086.38,2026-01-19
2026-01-19 01:00:00,3.735,3.801,3.731,3.771,514512.16,2026-01-19
2026-01-19 02:00:00,3.77,3.798,3.75,3.777,246041.32,2026-01-19
2026-01-19 03:00:00,3.777,3.893,3.762,3.873,380353.35,2026-01-19
2026-01-19 04:00:00,3.872,3.935,3.845,3.91,290473.96,2026-01-19
2026-01-19 05:00:00,3.908,4.037,3.832,4.026,544342.24,2026-01-19
2026-01-19 06:00:00,4.026,4.058,3.939,3.953,627569.23,2026-01-19
2026-01-19 07:00:00,3.953,4.17,3.953,4.143,782939.83,2026-01-19
2026-01-19 08:00:00,4.143,4.433,4.124,4.321,1455470.87,2026-01-19
2026-01-19 09:00:00,4.32,4.432,4.262,4.286,1134864.26,2026-01-19
2026-01-19 10:00:00,4.286,4.294,4.106,4.121,971672.89,2026-01-19
2026-01-19 11:00:00,4.122,4.13,4.051,4.081,454006.0,2026-01-19
2026-01-19 12:00:00,4.079,4.081,3.972,4.003,493253.17,2026-01-19
2026-01-19 13:00:00,4.004,4.064,3.957,3.965,328712.71,2026-01-19
2026-01-19 14:00:00,3.965,4.04,3.951,3.995,249435.99,2026-01-19
2026-01-19 15:00:00,3.995,4.008,3.931,3.942,238686.32,2026-01-19
2026-01-19 16:00:00,3.942,4.019,3.905,4.016,212845.36,2026-01-19
2026-01-19 17:00:00,4.015,4.038,3.964,3.973,233895.14,2026-01-19
2026-01-19 18:00:00,3.974,3.997,3.924,3.959,183441.2,2026-01-19
2026-01-19 19:00:00,3.959,4.019,3.956,3.985,147913.27,2026-01-19
2026-01-19 20:00:00,3.985,3.998,3.945,3.956,89767.13,2026-01-19
2026-01-19 21:00:00,3.955,3.969,3.863,3.866,299176.91,2026-01-19
2026-01-19 22:00:00,3.866,3.89,3.841,3.853,236923.46,2026-01-19
2026-01-19 23:00:00,3.853,3.913,3.832,3.874,187729.33,2026-01-19
2026-01-20 00:00:00,3.874,3.901,3.85,3.867,161471.93,2026-01-20
2026-01-20 01:00:00,3.868,3.877,3.803,3.805,255638.47,2026-01-20
2026-01-20 02:00:00,3.805,3.847,3.797,3.833,161825.02,2026-01-20
2026-01-20 03:00:00,3.834,3.841,3.776,3.804,253626.45,2026-01-20
2026-01-20 04:00:00,3.805,3.86,3.795,3.815,196994.92,2026-01-20
2026-01-20 05:00:00,3.815,3.838,3.78,3.79,257284.94,2026-01-20
2026-01-20 06:00:00,3.789,3.799,3.731,3.748,381816.94,2026-01-20
2026-01-20 07:00:00,3.747,3.759,3.689,3.711,561628.51,2026-01-20
2026-01-20 08:00:00,3.709,3.75,3.647,3.743,513106.56,2026-01-20
2026-01-20 09:00:00,3.742,3.743,3.674,3.694,322287.76,2026-01-20
2026-01-20 10:00:00,3.693,3.743,3.678,3.732,211113.78,2026-01-20
2026-01-20 11:00:00,3.732,3.738,3.676,3.68,179409.76,2026-01-20
2026-01-20 12:00:00,3.681,3.708,3.655,3.669,353534.7,2026-01-20
2026-01-20 13:00:00,3.668,3.668,3.617,3.624,288103.63,2026-01-20
2026-01-20 14:00:00,3.623,3.749,3.623,3.746,337760.38,2026-01-20
2026-01-20 15:00:00,3.746,3.77,3.69,3.757,311776.6,2026-01-20
2026-01-20 16:00:00,3.756,3.883,3.721,3.761,536377.17,2026-01-20
2026-01-20 17:00:00,3.76,3.834,3.701,3.705,337260.98,2026-01-20
2026-01-20 18:00:00,3.706,3.728,3.646,3.676,239417.75,2026-01-20
2026-01-20 19:00:00,3.676,3.729,3.666,3.667,253500.19,2026-01-20
2026-01-20 20:00:00,3.665,3.706,3.656,3.687,152407.87,2026-01-20
2026-01-20 21:00:00,3.688,3.688,3.593,3.626,499923.85,2026-01-20
2026-01-20 22:00:00,3.626,3.688,3.589,3.643,323631.13,2026-01-20
2026-01-20 23:00:00,3.642,3.713,3.632,3.689,267557.21,2026-01-20
2026-01-21 00:00:00,3.688,3.732,3.673,3.723,163712.14,2026-01-21
2026-01-21 01:00:00,3.722,3.829,3.71,3.759,325750.37,2026-01-21
2026-01-21 02:00:00,3.759,3.766,3.698,3.717,244846.57,2026-01-21
2026-01-21 03:00:00,3.718,3.72,3.673,3.686,119780.18,2026-01-21
2026-01-21 04:00:00,3.686,3.74,3.665,3.722,178236.59,2026-01-21
2026-01-21 05:00:00,3.721,3.761,3.695,3.759,153768.22,2026-01-21
2026-01-21 06:00:00,3.759,3.783,3.722,3.731,233068.09,2026-01-21
2026-01-21 07:00:00,3.73,3.731,3.671,3.7,242584.39,2026-01-21
2026-01-21 08:00:00,3.7,3.7,3.635,3.657,207696.78,2026-01-21
2026-01-21 09:00:00,3.658,3.677,3.644,3.652,133991.64,2026-01-21
2026-01-21 10:00:00,3.652,3.737,3.649,3.677,250523.75,2026-01-21
2026-01-21 11:00:00,3.677,3.679,3.626,3.632,123592.78,2026-01-21
2026-01-21 12:00:00,3.631,3.674,3.587,3.657,232671.29,2026-01-21
2026-01-21 13:00:00,3.656,3.681,3.628,3.634,245360.13,2026-01-21
2026-01-21 14:00:00,3.634,3.787,3.632,3.722,569030.5,2026-01-21
2026-01-21 15:00:00,3.722,3.756,3.677,3.705,398142.18,2026-01-21
2026-01-21 16:00:00,3.706,3.708,3.533,3.549,451528.59,2026-01-21
2026-01-21 17:00:00,3.549,3.602,3.517,3.58,362697.59,2026-01-21
2026-01-21 18:00:00,3.579,3.626,3.557,3.592,112543.59,2026-01-21
2026-01-21 19:00:00,3.592,3.742,3.568,3.732,322528.88,2026-01-21
2026-01-21 20:00:00,3.731,3.736,3.669,3.716,257777.66,2026-01-21
2026-01-21 21:00:00,3.717,3.786,3.711,3.745,177009.86,2026-01-21
2026-01-21 22:00:00,3.745,3.754,3.687,3.691,85491.34,2026-01-21
2026-01-21 23:00:00,3.69,3.698,3.624,3.629,148637.62,2026-01-21
2026-01-22 00:00:00,3.629,3.665,3.6,3.655,188685.72,2026-01-22
2026-01-22 01:00:00,3.653,3.665,3.619,3.646,203465.91,2026-01-22
2026-01-22 02:00:00,3.646,3.694,3.638,3.645,214097.68,2026-01-22
2026-01-22 03:00:00,3.646,3.693,3.629,3.648,197767.13,2026-01-22
2026-01-22 04:00:00,3.647,3.654,3.631,3.644,99618.18,2026-01-22
2026-01-22 05:00:00,3.644,3.652,3.621,3.638,136392.89,2026-01-22
2026-01-22 06:00:00,3.638,3.653,3.611,3.647,111470.32,2026-01-22
2026-01-22 07:00:00,3.648,3.687,3.646,3.67,159269.51,2026-01-22
2026-01-22 08:00:00,3.669,3.711,3.664,3.699,192636.05,2026-01-22
2026-01-22 09:00:00,3.698,3.743,3.687,3.709,240897.83,2026-01-22
2026-01-22 10:00:00,3.71,3.717,3.674,3.716,134868.29,2026-01-22
2026-01-22 11:00:00,3.715,3.724,3.661,3.689,118036.34,2026-01-22
2026-01-22 12:00:00,3.688,3.712,3.658,3.669,149278.08,2026-01-22
2026-01-22 13:00:00,3.669,3.684,3.647,3.66,120760.64,2026-01-22
2026-01-22 14:00:00,3.66,3.668,3.608,3.62,205690.87,2026-01-22
2026-01-22 15:00:00,3.619,3.645,3.6,3.611,286505.12,2026-01-22
2026-01-22 16:00:00,3.611,3.658,3.611,3.637,90440.05,2026-01-22
2026-01-22 17:00:00,3.637,3.66,3.618,3.654,90004.33,2026-01-22
2026-01-22 18:00:00,3.653,3.656,3.619,3.625,67881.73,2026-01-22
2026-01-22 19:00:00,3.625,3.633,3.603,3.617,74910.85,2026-01-22
2026-01-22 20:00:00,3.616,3.643,3.596,3.607,73928.93,2026-01-22
2026-01-22 21:00:00,3.608,3.625,3.603,3.616,36542.29,2026-01-22
2026-01-22 22:00:00,3.616,3.624,3.594,3.608,66839.43,2026-01-22
2026-01-22 23:00:00,3.608,3.611,3.568,3.593,99338.55,2026-01-22
2026-01-23 00:00:00,3.594,3.626,3.577,3.619,97912.11,2026-01-23
2026-01-23 01:00:00,3.62,3.651,3.608,3.627,177095.05,2026-01-23
2026-01-23 02:00:00,3.626,3.643,3.618,3.629,83853.39,2026-01-23
2026-01-23 03:00:00,3.629,3.659,3.627,3.654,111236.84,2026-01-23
2026-01-23 04:00:00,3.654,3.677,3.639,3.663,67129.2,2026-01-23
2026-01-23 05:00:00,3.662,3.694,3.658,3.691,108373.3,2026-01-23
2026-01-23 06:00:00,3.69,3.704,3.652,3.666,133328.91,2026-01-23
2026-01-23 07:00:00,3.667,3.67,3.625,3.637,81767.95,2026-01-23
2026-01-23 08:00:00,3.637,3.642,3.582,3.597,138454.56,2026-01-23
2026-01-23 09:00:00,3.596,3.625,3.585,3.622,138053.03,2026-01-23
2026-01-23 10:00:00,3.622,3.637,3.584,3.617,109211.54,2026-01-23
2026-01-23 11:00:00,3.617,3.631,3.583,3.588,132080.1,2026-01-23
2026-01-23 12:00:00,3.588,3.588,3.559,3.569,181706.3,2026-01-23
2026-01-23 13:00:00,3.568,3.573,3.542,3.562,97060.82,2026-01-23
2026-01-23 14:00:00,3.561,3.58,3.407,3.454,830657.57,2026-01-23
2026-01-23 15:00:00,3.455,3.503,3.442,3.498,334737.7,2026-01-23
2026-01-23 16:00:00,3.499,3.534,3.436,3.515,279180.25,2026-01-23
2026-01-23 17:00:00,3.516,3.598,3.489,3.571,307871.78,2026-01-23
2026-01-23 18:00:00,3.572,3.591,3.531,3.54,160717.2,2026-01-23
2026-01-23 19:00:00,3.538,3.539,3.45,3.46,175919.03,2026-01-23
2026-01-23 20:00:00,3.46,3.462,3.415,3.438,286822.71,2026-01-23
2026-01-23 21:00:00,3.437,3.467,3.435,3.449,75594.32,2026-01-23
2026-01-23 22:00:00,3.448,3.487,3.446,3.486,68421.5,2026-01-23
2026-01-23 23:00:00,3.485,3.485,3.467,3.476,42877.93,2026-01-23
2026-01-24 00:00:00,3.476,3.493,3.471,3.481,40287.84,2026-01-24
2026-01-24 01:00:00,3.48,3.483,3.442,3.46,59198.98,2026-01-24
2026-01-24 02:00:00,3.461,3.479,3.458,3.471,62460.18,2026-01-24
2026-01-24 03:00:00,3.471,3.489,3.456,3.484,146768.74,2026-01-24
2026-01-24 04:00:00,3.484,3.491,3.47,3.475,48963.67,2026-01-24
2026-01-24 05:00:00,3.475,3.475,3.451,3.466,39377.73,2026-01-24
2026-01-24 06:00:00,3.466,3.483,3.463,3.472,30222.3,2026-01-24
2026-01-24 07:00:00,3.473,3.485,3.46,3.468,37773.55,2026-01-24
2026-01-24 08:00:00,3.468,3.489,3.452,3.489,60550.4,2026-01-24
2026-01-24 09:00:00,3.488,3.537,3.483,3.523,157988.49,2026-01-24
2026-01-24 10:00:00,3.523,3.53,3.502,3.51,111112.47,2026-01-24
2026-01-24 11:00:00,3.51,3.51,3.472,3.481,99439.59,2026-01-24
2026-01-24 12:00:00,3.48,3.53,3.477,3.518,101542.7,2026-01-24
2026-01-24 13:00:00,3.518,3.55,3.505,3.516,86457.58,2026-01-24
2026-01-24 14:00:00,3.516,3.531,3.499,3.52,120418.9,2026-01-24
2026-01-24 15:00:00,3.52,3.538,3.488,3.489,106793.69,2026-01-24
2026-01-24 16:00:00,3.489,3.517,3.477,3.508,84096.44,2026-01-24
2026-01-24 17:00:00,3.509,3.514,3.495,3.512,41448.18,2026-01-24
2026-01-24 18:00:00,3.512,3.538,3.501,3.503,84529.04,2026-01-24
2026-01-24 19:00:00,3.503,3.506,3.479,3.495,75844.89,2026-01-24
2026-01-24 20:00:00,3.495,3.519,3.49,3.502,53935.76,2026-01-24
2026-01-24 21:00:00,3.502,3.503,3.482,3.494,38225.95,2026-01-24
2026-01-24 22:00:00,3.495,3.506,3.473,3.476,38709.69,2026-01-24
2026-01-24 23:00:00,3.476,3.49,3.467,3.471,46092.48,2026-01-24
2026-01-25 00:00:00,3.47,3.484,3.45,3.463,156321.74,2026-01-25
2026-01-25 01:00:00,3.463,3.487,3.45,3.47,125521.8,2026-01-25
2026-01-25 02:00:00,3.47,3.491,3.461,3.476,66289.83,2026-01-25
2026-01-25 03:00:00,3.477,3.486,3.447,3.452,74938.94,2026-01-25
2026-01-25 04:00:00,3.451,3.469,3.437,3.445,53640.57,2026-01-25
2026-01-25 05:00:00,3.445,3.448,3.407,3.424,92397.04,2026-01-25
2026-01-25 06:00:00,3.425,3.444,3.411,3.423,62053.82,2026-01-25
2026-01-25 07:00:00,3.422,3.424,3.393,3.418,114170.57,2026-01-25
2026-01-25 08:00:00,3.419,3.421,3.379,3.388,129077.21,2026-01-25
2026-01-25 09:00:00,3.388,3.419,3.384,3.406,96292.4,2026-01-25
2026-01-25 10:00:00,3.406,3.447,3.4,3.437,94342.06,2026-01-25
2026-01-25 11:00:00,3.436,3.436,3.398,3.4,63608.36,2026-01-25
2026-01-25 12:00:00,3.399,3.399,3.37,3.381,104659.73,2026-01-25
2026-01-25 13:00:00,3.381,3.385,3.358,3.376,96771.95,2026-01-25
2026-01-25 14:00:00,3.376,3.381,3.338,3.372,110279.79,2026-01-25
2026-01-25 15:00:00,3.371,3.393,3.362,3.371,76380.05,2026-01-25
2026-01-25 16:00:00,3.371,3.371,3.32,3.343,327830.3,2026-01-25
2026-01-25 17:00:00,3.342,3.348,3.3,3.316,179904.52,2026-01-25
2026-01-25 18:00:00,3.316,3.327,3.269,3.279,389605.27,2026-01-25
2026-01-25 19:00:00,3.279,3.298,3.167,3.196,588735.73,2026-01-25
2026-01-25 20:00:00,3.197,3.244,3.196,3.228,224558.98,2026-01-25
2026-01-25 21:00:00,3.229,3.253,3.228,3.238,118282.6,2026-01-25
2026-01-25 22:00:00,3.239,3.243,3.2,3.221,70388.68,2026-01-25
2026-01-25 23:00:00,3.221,3.252,3.205,3.234,130808.48,2026-01-25
2026-01-26 00:00:00,3.235,3.279,3.23,3.276,133697.61,2026-01-26
2026-01-26 01:00:00,3.276,3.324,3.268,3.315,144899.53,2026-01-26
2026-01-26 02:00:00,3.315,3.323,3.28,3.307,93051.91,2026-01-26
2026-01-26 03:00:00,3.307,3.322,3.279,3.287,61763.19,2026-01-26
2026-01-26 04:00:00,3.288,3.321,3.286,3.308,79813.59,2026-01-26
2026-01-26 05:00:00,3.308,3.328,3.299,3.318,59658.02,2026-01-26
2026-01-26 06:00:00,3.317,3.325,3.294,3.325,54880.05,2026-01-26
2026-01-26 07:00:00,3.324,3.336,3.309,3.323,78534.74,2026-01-26
2026-01-26 08:00:00,3.323,3.333,3.297,3.309,107904.01,2026-01-26
2026-01-26 09:00:00,3.31,3.316,3.271,3.298,166238.7,2026-01-26
2026-01-26 10:00:00,3.297,3.317,3.294,3.316,107688.26,2026-01-26
2026-01-26 11:00:00,3.315,3.318,3.302,3.302,62232.66,2026-01-26
2026-01-26 12:00:00,3.303,3.322,3.286,3.293,78210.92,2026-01-26
2026-01-26 13:00:00,3.294,3.32,3.286,3.314,87550.85,2026-01-26
2026-01-26 14:00:00,3.313,3.359,3.287,3.335,170758.75,2026-01-26
2026-01-26 15:00:00,3.334,3.371,3.32,3.343,260539.12,2026-01-26
2026-01-26 16:00:00,3.343,3.397,3.342,3.383,144051.73,2026-01-26
2026-01-26 17:00:00,3.384,3.387,3.33,3.367,106756.38,2026-01-26
2026-01-26 18:00:00,3.367,3.397,3.355,3.381,66571.08,2026-01-26
2026-01-26 19:00:00,3.383,3.399,3.353,3.357,63488.11,2026-01-26
2026-01-26 20:00:00,3.356,3.361,3.331,3.339,67631.04,2026-01-26
2026-01-26 21:00:00,3.339,3.376,3.322,3.361,78747.0,2026-01-26
2026-01-26 22:00:00,3.361,3.376,3.348,3.362,53378.19,2026-01-26
2026-01-26 23:00:00,3.361,3.361,3.335,3.34,47137.69,2026-01-26
2026-01-27 00:00:00,3.341,3.36,3.331,3.354,70127.69,2026-01-27
2026-01-27 01:00:00,3.352,3.374,3.331,3.355,89525.4,2026-01-27
2026-01-27 02:00:00,3.354,3.372,3.342,3.37,81999.7,2026-01-27
2026-01-27 03:00:00,3.369,3.375,3.332,3.348,158330.75,2026-01-27
2026-01-27 04:00:00,3.348,3.366,3.326,3.341,103631.87,2026-01-27
2026-01-27 05:00:00,3.341,3.341,3.319,3.326,55944.66,2026-01-27
2026-01-27 06:00:00,3.326,3.328,3.275,3.283,170778.42,2026-01-27
2026-01-27 07:00:00,3.283,3.311,3.273,3.306,84261.57,2026-01-27
2026-01-27 08:00:00,3.305,3.315,3.272,3.285,181882.01,2026-01-27
2026-01-27 09:00:00,3.284,3.288,3.26,3.266,111928.75,2026-01-27
2026-01-27 10:00:00,3.267,3.274,3.262,3.274,54245.75,2026-01-27
2026-01-27 11:00:00,3.274,3.274,3.254,3.258,63400.54,2026-01-27
2026-01-27 12:00:00,3.257,3.275,3.246,3.258,94644.15,2026-01-27
2026-01-27 13:00:00,3.259,3.268,3.231,3.239,92937.96,2026-01-27
2026-01-27 14:00:00,3.238,3.278,3.226,3.23,150673.82,2026-01-27
2026-01-27 15:00:00,3.231,3.262,3.216,3.261,102490.58,2026-01-27
2026-01-27 16:00:00,3.261,3.396,3.255,3.353,705714.71,2026-01-27
2026-01-27 17:00:00,3.352,3.352,3.259,3.282,201528.15,2026-01-27
2026-01-27 18:00:00,3.282,3.345,3.273,3.329,77541.3,2026-01-27
2026-01-27 19:00:00,3.329,3.344,3.317,3.325,83892.2,2026-01-27
2026-01-27 20:00:00,3.324,3.374,3.317,3.374,140381.82,2026-01-27
2026-01-27 21:00:00,3.373,3.377,3.323,3.326,127849.35,2026-01-27
2026-01-27 22:00:00,3.326,3.357,3.326,3.341,83007.03,2026-01-27
2026-01-27 23:00:00,3.34,3.345,3.294,3.303,329686.92,2026-01-27
2026-01-28 00:00:00,3.303,3.311,3.272,3.309,61149.21,2026-01-28
2026-01-28 01:00:00,3.31,3.31,3.269,3.277,109139.33,2026-01-28
2026-01-28 02:00:00,3.277,3.288,3.264,3.278,95097.91,2026-01-28
2026-01-28 03:00:00,3.278,3.293,3.256,3.26,117844.96,2026-01-28
2026-01-28 04:00:00,3.259,3.265,3.236,3.257,81580.91,2026-01-28
2026-01-28 05:00:00,3.258,3.289,3.249,3.274,88068.53,2026-01-28
2026-01-28 06:00:00,3.275,3.286,3.255,3.274,95108.09,2026-01-28
2026-01-28 07:00:00,3.274,3.279,3.25,3.261,53450.04,2026-01-28
2026-01-28 08:00:00,3.261,3.267,3.243,3.254,63337.33,2026-01-28
2026-01-28 09:00:00,3.254,3.307,3.254,3.303,95154.33,2026-01-28
2026-01-28 10:00:00,3.303,3.305,3.271,3.278,89722.7,2026-01-28
2026-01-28 11:00:00,3.278,3.311,3.27,3.298,126117.72,2026-01-28
2026-01-28 12:00:00,3.297,3.304,3.252,3.261,113386.5,2026-01-28
2026-01-28 13:00:00,3.261,3.272,3.245,3.266,233021.69,2026-01-28
2026-01-28 14:00:00,3.265,3.277,3.238,3.248,225606.15,2026-01-28
2026-01-28 15:00:00,3.248,3.265,3.202,3.206,152147.43,2026-01-28
2026-01-28 16:00:00,3.206,3.227,3.183,3.222,165792.27,2026-01-28
2026-01-28 17:00:00,3.223,3.249,3.189,3.237,115334.35,2026-01-28
2026-01-28 18:00:00,3.237,3.237,3.204,3.218,76197.82,2026-01-28
2026-01-28 19:00:00,3.217,3.252,3.208,3.236,69953.15,2026-01-28
2026-01-28 20:00:00,3.236,3.261,3.205,3.22,86082.12,2026-01-28
2026-01-28 21:00:00,3.221,3.243,3.193,3.227,72478.31,2026-01-28
2026-01-28 22:00:00,3.228,3.248,3.204,3.242,100971.7,2026-01-28
2026-01-28 23:00:00,3.242,3.251,3.201,3.21,57435.64,2026-01-28
2026-01-29 00:00:00,3.21,3.214,3.171,3.185,73846.51,2026-01-29
2026-01-29 01:00:00,3.185,3.197,3.153,3.165,114138.14,2026-01-29
2026-01-29 02:00:00,3.165,3.177,3.118,3.147,187934.22,2026-01-29
2026-01-29 03:00:00,3.146,3.167,3.137,3.15,82095.31,2026-01-29
2026-01-29 04:00:00,3.149,3.157,3.13,3.137,95241.91,2026-01-29
2026-01-29 05:00:00,3.137,3.146,3.13,3.137,47723.19,2026-01-29
2026-01-29 06:00:00,3.136,3.15,3.133,3.147,99582.05,2026-01-29
2026-01-29 07:00:00,3.147,3.151,3.096,3.121,354219.35,2026-01-29
2026-01-29 08:00:00,3.121,3.137,3.104,3.12,112778.78,2026-01-29
2026-01-29 09:00:00,3.12,3.13,3.103,3.111,109157.23,2026-01-29
2026-01-29 10:00:00,3.112,3.126,3.111,3.12,81371.26,2026-01-29
2026-01-29 11:00:00,3.12,3.121,3.084,3.089,139501.35,2026-01-29
2026-01-29 12:00:00,3.09,3.114,3.089,3.107,62121.39,2026-01-29
2026-01-29 13:00:00,3.108,3.129,3.107,3.126,54271.67,2026-01-29
2026-01-29 14:00:00,3.127,3.149,3.07,3.083,234900.08,2026-01-29
2026-01-29 15:00:00,3.084,3.091,3.01,3.035,647161.25,2026-01-29
2026-01-29 16:00:00,3.034,3.098,3.018,3.095,222833.08,2026-01-29
2026-01-29 17:00:00,3.095,3.141,3.06,3.066,260271.48,2026-01-29
2026-01-29 18:00:00,3.066,3.082,3.029,3.045,263103.79,2026-01-29
2026-01-29 19:00:00,3.044,3.061,3.009,3.046,137005.42,2026-01-29
2026-01-29 20:00:00,3.046,3.074,3.035,3.063,101588.59,2026-01-29
2026-01-29 21:00:00,3.063,3.085,3.063,3.072,107292.23,2026-01-29
2026-01-29 22:00:00,3.073,3.099,3.071,3.095,66303.26,2026-01-29
2026-01-29 23:00:00,3.094,3.106,3.075,3.102,89208.71,2026-01-29
2026-01-30 00:00:00,3.102,3.116,3.077,3.11,116804.03,2026-01-30
2026-01-30 01:00:00,3.11,3.12,2.984,3.051,707754.02,2026-01-30
2026-01-30 02:00:00,3.05,3.051,2.992,3.007,279991.59,2026-01-30
2026-01-30 03:00:00,3.008,3.019,2.989,3.001,161888.74,2026-01-30
2026-01-30 04:00:00,3.001,3.05,3.001,3.033,99761.38,2026-01-30
2026-01-30 05:00:00,3.033,3.042,3.008,3.014,72046.07,2026-01-30
2026-01-30 06:00:00,3.014,3.015,2.943,2.976,222190.88,2026-01-30
2026-01-30 07:00:00,2.977,3.024,2.977,3.016,130943.99,2026-01-30
2026-01-30 08:00:00,3.016,3.038,2.995,3.016,97725.02,2026-01-30
2026-01-30 09:00:00,3.017,3.027,3.0,3.017,70587.76,2026-01-30
2026-01-30 10:00:00,3.017,3.045,3.001,3.04,80524.5,2026-01-30
2026-01-30 11:00:00,3.04,3.078,3.033,3.066,144625.28,2026-01-30
2026-01-30 12:00:00,3.067,3.071,3.04,3.051,76288.84,2026-01-30
2026-01-30 13:00:00,3.051,3.059,2.997,3.017,118249.57,2026-01-30
2026-01-30 14:00:00,3.015,3.053,3.011,3.025,161435.37,2026-01-30
2026-01-30 15:00:00,3.025,3.046,2.961,2.963,460122.79,2026-01-30
2026-01-30 16:00:00,2.963,3.03,2.962,3.015,149312.99,2026-01-30
2026-01-30 17:00:00,3.016,3.038,2.999,3.007,97939.81,2026-01-30
2026-01-30 18:00:00,3.007,3.052,2.926,3.041,310228.2,2026-01-30
2026-01-30 19:00:00,3.042,3.072,3.037,3.043,164198.3,2026-01-30
2026-01-30 20:00:00,3.042,3.042,2.989,3.0,165697.22,2026-01-30
2026-01-30 21:00:00,3.001,3.033,2.997,3.017,115242.28,2026-01-30
2026-01-30 22:00:00,3.018,3.021,2.988,3.015,36545.69,2026-01-30
2026-01-30 23:00:00,3.014,3.014,2.993,3.007,45641.09,2026-01-30
2026-01-31 00:00:00,3.007,3.007,2.977,2.995,91385.67,2026-01-31
2026-01-31 01:00:00,2.994,3.012,2.99,3.01,41020.55,2026-01-31
2026-01-31 02:00:00,3.01,3.016,2.989,3.011,50199.66,2026-01-31
2026-01-31 03:00:00,3.011,3.018,2.999,3.007,35691.95,2026-01-31
2026-01-31 04:00:00,3.006,3.02,2.996,2.997,40031.41,2026-01-31
2026-01-31 05:00:00,2.997,2.999,2.981,2.991,68715.73,2026-01-31
2026-01-31 06:00:00,2.992,2.995,2.946,2.967,70513.82,2026-01-31
2026-01-31 07:00:00,2.967,2.972,2.927,2.95,95926.24,2026-01-31
2026-01-31 08:00:00,2.95,2.958,2.895,2.926,313261.47,2026-01-31
2026-01-31 09:00:00,2.927,2.942,2.912,2.917,76811.03,2026-01-31
2026-01-31 10:00:00,2.918,2.932,2.905,2.927,94560.06,2026-01-31
2026-01-31 11:00:00,2.927,2.933,2.865,2.866,279784.47,2026-01-31
2026-01-31 12:00:00,2.867,2.871,2.793,2.847,623336.61,2026-01-31
2026-01-31 13:00:00,2.848,2.858,2.839,2.848,174985.61,2026-01-31
2026-01-31 14:00:00,2.848,2.856,2.731,2.78,885858.5,2026-01-31
2026-01-31 15:00:00,2.78,2.827,2.779,2.792,212048.6,2026-01-31
2026-01-31 16:00:00,2.792,2.835,2.756,2.762,352632.66,2026-01-31
2026-01-31 17:00:00,2.762,2.773,2.6,2.633,1159066.67,2026-01-31
2026-01-31 18:00:00,2.633,2.67,2.472,2.608,932333.82,2026-01-31
2026-01-31 19:00:00,2.608,2.651,2.542,2.614,1115203.27,2026-01-31
2026-01-31 20:00:00,2.614,2.642,2.586,2.621,266384.33,2026-01-31
2026-01-31 21:00:00,2.62,2.685,2.601,2.672,421262.81,2026-01-31
2026-01-31 22:00:00,2.672,2.686,2.654,2.673,216236.33,2026-01-31
2026-01-31 23:00:00,2.673,2.751,2.673,2.733,321277.79,2026-01-31
2026-02-01 00:00:00,2.733,2.751,2.714,2.733,163687.4,2026-02-01
2026-02-01 01:00:00,2.734,2.755,2.706,2.753,413750.23,2026-02-01
2026-02-01 02:00:00,2.753,2.773,2.738,2.765,233556.56,2026-02-01
2026-02-01 03:00:00,2.765,2.77,2.736,2.743,141299.36,2026-02-01
2026-02-01 04:00:00,2.743,2.747,2.729,2.729,127840.49,2026-02-01
2026-02-01 05:00:00,2.729,2.733,2.714,2.722,83742.92,2026-02-01
2026-02-01 06:00:00,2.722,2.75,2.709,2.742,199808.09,2026-02-01
2026-02-01 07:00:00,2.742,2.772,2.724,2.748,107808.83,2026-02-01
2026-02-01 08:00:00,2.748,2.76,2.733,2.741,98631.28,2026-02-01
2026-02-01 09:00:00,2.741,2.763,2.725,2.76,133438.19,2026-02-01
2026-02-01 10:00:00,2.76,2.777,2.706,2.712,196533.03,2026-02-01
2026-02-01 11:00:00,2.712,2.737,2.712,2.723,74292.19,2026-02-01
2026-02-01 12:00:00,2.723,2.723,2.691,2.708,99535.56,2026-02-01
2026-02-01 13:00:00,2.708,2.727,2.684,2.695,130653.55,2026-02-01
2026-02-01 14:00:00,2.695,2.718,2.655,2.696,284648.9,2026-02-01
2026-02-01 15:00:00,2.696,2.697,2.612,2.649,338682.11,2026-02-01
2026-02-01 16:00:00,2.649,2.669,2.613,2.633,233823.73,2026-02-01
2026-02-01 17:00:00,2.632,2.645,2.61,2.632,110189.25,2026-02-01
2026-02-01 18:00:00,2.632,2.682,2.632,2.654,164143.47,2026-02-01
2026-02-01 19:00:00,2.654,2.661,2.612,2.628,143762.56,2026-02-01
2026-02-01 20:00:00,2.627,2.658,2.599,2.637,151122.79,2026-02-01
2026-02-01 21:00:00,2.637,2.639,2.609,2.619,93744.65,2026-02-01
2026-02-01 22:00:00,2.62,2.662,2.617,2.646,95896.18,2026-02-01
2026-02-01 23:00:00,2.646,2.66,2.559,2.623,315293.14,2026-02-01
2026-02-02 00:00:00,2.623,2.68,2.6,2.651,194508.28,2026-02-02
2026-02-02 01:00:00,2.653,2.694,2.618,2.678,211228.63,2026-02-02
2026-02-02 02:00:00,2.678,2.685,2.644,2.649,135190.01,2026-02-02
2026-02-02 03:00:00,2.648,2.659,2.546,2.656,902178.61,2026-02-02
2026-02-02 04:00:00,2.657,2.685,2.618,2.633,259965.12,2026-02-02
2026-02-02 05:00:00,2.632,2.635,2.563,2.59,279785.4,2026-02-02
2026-02-02 06:00:00,2.589,2.654,2.552,2.616,445928.07,2026-02-02
2026-02-02 07:00:00,2.615,2.675,2.605,2.658,538678.25,2026-02-02
2026-02-02 08:00:00,2.658,2.674,2.658,2.663,172751.34,2026-02-02
2026-02-02 09:00:00,2.662,2.703,2.656,2.669,475102.25,2026-02-02
2026-02-02 10:00:00,2.671,2.683,2.665,2.672,161431.24,2026-02-02
2026-02-02 11:00:00,2.671,2.69,2.666,2.673,133332.14,2026-02-02
2026-02-02 12:00:00,2.674,2.715,2.674,2.715,184257.0,2026-02-02
2026-02-02 13:00:00,2.714,2.726,2.694,2.718,132831.83,2026-02-02
2026-02-02 14:00:00,2.717,2.741,2.687,2.719,338688.92,2026-02-02
2026-02-02 15:00:00,2.721,2.847,2.712,2.792,753503.95,2026-02-02
2026-02-02 16:00:00,2.793,2.797,2.743,2.749,276543.2,2026-02-02
2026-02-02 17:00:00,2.749,2.76,2.71,2.722,150261.25,2026-02-02
2026-02-02 18:00:00,2.722,2.733,2.706,2.723,91379.72,2026-02-02
2026-02-02 19:00:00,2.722,2.727,2.69,2.693,94012.77,2026-02-02
2026-02-02 20:00:00,2.693,2.706,2.669,2.679,100186.57,2026-02-02
2026-02-02 21:00:00,2.679,2.696,2.675,2.69,96871.38,2026-02-02
2026-02-02 22:00:00,2.691,2.705,2.686,2.701,85692.23,2026-02-02
2026-02-02 23:00:00,2.701,2.712,2.682,2.701,152861.82,2026-02-02
2026-02-03 00:00:00,2.7,2.7,2.671,2.685,131260.98,2026-02-03
2026-02-03 01:00:00,2.685,2.689,2.657,2.679,121469.43,2026-02-03
2026-02-03 02:00:00,2.679,2.679,2.619,2.622,171376.01,2026-02-03
2026-02-03 03:00:00,2.621,2.674,2.617,2.667,189715.03,2026-02-03
2026-02-03 04:00:00,2.667,2.71,2.661,2.709,223730.23,2026-02-03
2026-02-03 05:00:00,2.709,2.709,2.676,2.681,174561.86,2026-02-03
2026-02-03 06:00:00,2.682,2.699,2.659,2.69,104195.04,2026-02-03
2026-02-03 07:00:00,2.689,2.709,2.68,2.69,113147.33,2026-02-03
2026-02-03 08:00:00,2.691,2.706,2.669,2.691,212826.42,2026-02-03
2026-02-03 09:00:00,2.691,2.708,2.649,2.675,233575.3,2026-02-03
2026-02-03 10:00:00,2.675,2.689,2.661,2.667,83382.76,2026-02-03
2026-02-03 11:00:00,2.667,2.692,2.667,2.683,69929.85,2026-02-03
2026-02-03 12:00:00,2.682,2.703,2.672,2.694,91237.1,2026-02-03
2026-02-03 13:00:00,2.696,2.706,2.687,2.698,147123.34,2026-02-03
2026-02-03 14:00:00,2.697,2.724,2.656,2.656,214244.49,2026-02-03
2026-02-03 15:00:00,2.657,2.72,2.642,2.715,384570.17,2026-02-03
2026-02-03 16:00:00,2.715,2.715,2.643,2.65,210407.12,2026-02-03
2026-02-03 17:00:00,2.651,2.657,2.595,2.597,291796.03,2026-02-03
2026-02-03 18:00:00,2.597,2.611,2.547,2.552,311446.96,2026-02-03
2026-02-03 19:00:00,2.551,2.686,2.547,2.67,402096.39,2026-02-03
2026-02-03 20:00:00,2.669,2.773,2.641,2.742,355396.73,2026-02-03
2026-02-03 21:00:00,2.743,2.767,2.689,2.698,171459.9,2026-02-03
2026-02-03 22:00:00,2.697,2.698,2.651,2.66,105202.51,2026-02-03
2026-02-03 23:00:00,2.659,2.661,2.62,2.644,135444.54,2026-02-03
2026-02-04 00:00:00,2.643,2.678,2.636,2.662,106494.8,2026-02-04
2026-02-04 01:00:00,2.663,2.71,2.663,2.689,129918.93,2026-02-04
2026-02-04 02:00:00,2.688,2.694,2.665,2.678,77997.59,2026-02-04
2026-02-04 03:00:00,2.678,2.709,2.674,2.701,78200.24,2026-02-04
2026-02-04 04:00:00,2.701,2.705,2.684,2.688,96030.98,2026-02-04
2026-02-04 05:00:00,2.688,2.699,2.675,2.686,51403.93,2026-02-04
2026-02-04 06:00:00,2.687,2.717,2.683,2.711,48583.54,2026-02-04
2026-02-04 07:00:00,2.709,2.764,2.698,2.741,293742.5,2026-02-04
2026-02-04 08:00:00,2.741,2.762,2.717,2.757,152506.16,2026-02-04
2026-02-04 09:00:00,2.758,2.792,2.721,2.74,311763.42,2026-02-04
2026-02-04 10:00:00,2.741,2.754,2.724,2.737,91941.98,2026-02-04
2026-02-04 11:00:00,2.737,2.739,2.697,2.712,186768.04,2026-02-04
2026-02-04 12:00:00,2.712,2.729,2.701,2.716,77902.76,2026-02-04
2026-02-04 13:00:00,2.715,2.715,2.66,2.663,246698.43,2026-02-04
2026-02-04 14:00:00,2.662,2.69,2.639,2.651,202476.98,2026-02-04
2026-02-04 15:00:00,2.651,2.684,2.599,2.62,304384.27,2026-02-04
2026-02-04 16:00:00,2.62,2.629,2.584,2.614,217410.87,2026-02-04
2026-02-04 17:00:00,2.613,2.63,2.578,2.598,386543.65,2026-02-04
2026-02-04 18:00:00,2.597,2.682,2.577,2.651,247282.54,2026-02-04
2026-02-04 19:00:00,2.651,2.692,2.634,2.687,244562.42,2026-02-04
2026-02-04 20:00:00,2.689,2.69,2.649,2.657,95702.15,2026-02-04
2026-02-04 21:00:00,2.657,2.668,2.611,2.632,150903.11,2026-02-04
2026-02-04 22:00:00,2.633,2.665,2.587,2.609,152214.77,2026-02-04
2026-02-04 23:00:00,2.609,2.645,2.601,2.626,174793.74,2026-02-04
2026-02-05 00:00:00,2.627,2.635,2.61,2.621,59805.16,2026-02-05
2026-02-05 01:00:00,2.622,2.649,2.596,2.613,123574.19,2026-02-05
2026-02-05 02:00:00,2.614,2.637,2.587,2.593,127266.45,2026-02-05
2026-02-05 03:00:00,2.594,2.611,2.566,2.582,158018.07,2026-02-05
2026-02-05 04:00:00,2.582,2.598,2.565,2.576,172875.94,2026-02-05
2026-02-05 05:00:00,2.576,2.606,2.545,2.58,230078.52,2026-02-05
2026-02-05 06:00:00,2.582,2.583,2.549,2.558,147646.81,2026-02-05
2026-02-05 07:00:00,2.558,2.591,2.55,2.555,121930.44,2026-02-05
2026-02-05 08:00:00,2.556,2.587,2.556,2.567,85996.42,2026-02-05
2026-02-05 09:00:00,2.569,2.604,2.569,2.575,125315.66,2026-02-05
2026-02-05 10:00:00,2.575,2.575,2.501,2.513,192904.67,2026-02-05
2026-02-05 11:00:00,2.513,2.525,2.457,2.498,403059.94,2026-02-05
2026-02-05 12:00:00,2.499,2.51,2.46,2.476,347211.15,2026-02-05
2026-02-05 13:00:00,2.476,2.496,2.467,2.474,150786.58,2026-02-05
2026-02-05 14:00:00,2.476,2.548,2.475,2.496,216515.85,2026-02-05
2026-02-05 15:00:00,2.496,2.505,2.355,2.419,1111390.4,2026-02-05
2026-02-05 16:00:00,2.419,2.465,2.394,2.429,356868.48,2026-02-05
2026-02-05 17:00:00,2.43,2.444,2.344,2.359,400585.7,2026-02-05
2026-02-05 18:00:00,2.36,2.378,2.321,2.366,339458.87,2026-02-05
2026-02-05 19:00:00,2.366,2.37,2.308,2.316,257060.43,2026-02-05
2026-02-05 20:00:00,2.315,2.334,2.203,2.26,1088181.82,2026-02-05
2026-02-05 21:00:00,2.26,2.311,2.227,2.258,514102.69,2026-02-05
2026-02-05 22:00:00,2.259,2.313,2.237,2.289,281655.87,2026-02-05
2026-02-05 23:00:00,2.288,2.333,2.231,2.242,489571.5,2026-02-05
2026-02-06 00:00:00,2.242,2.254,2.0,2.219,2135428.07,2026-02-06
2026-02-06 01:00:00,2.218,2.288,2.21,2.286,443254.97,2026-02-06
2026-02-06 02:00:00,2.286,2.299,2.228,2.244,389261.93,2026-02-06
2026-02-06 03:00:00,2.245,2.258,2.21,2.235,209370.88,2026-02-06
2026-02-06 04:00:00,2.236,2.274,2.223,2.268,144256.11,2026-02-06
2026-02-06 05:00:00,2.268,2.34,2.265,2.337,238073.86,2026-02-06
2026-02-06 06:00:00,2.338,2.354,2.276,2.281,284026.41,2026-02-06
2026-02-06 07:00:00,2.282,2.308,2.254,2.293,257973.88,2026-02-06
2026-02-06 08:00:00,2.293,2.306,2.269,2.294,213380.43,2026-02-06
2026-02-06 09:00:00,2.293,2.355,2.285,2.349,292289.35,2026-02-06
2026-02-06 10:00:00,2.349,2.4,2.344,2.375,660692.83,2026-02-06
2026-02-06 11:00:00,2.375,2.396,2.367,2.381,181874.78,2026-02-06
2026-02-06 12:00:00,2.38,2.4,2.362,2.396,110757.11,2026-02-06
2026-02-06 13:00:00,2.396,2.434,2.388,2.419,247200.09,2026-02-06
2026-02-06 14:00:00,2.419,2.496,2.413,2.479,313135.43,2026-02-06
2026-02-06 15:00:00,2.481,2.481,2.439,2.468,387752.64,2026-02-06
2026-02-06 16:00:00,2.466,2.544,2.454,2.527,338837.39,2026-02-06
2026-02-06 17:00:00,2.526,2.576,2.513,2.548,422834.41,2026-02-06
2026-02-06 18:00:00,2.547,2.549,2.475,2.493,717672.13,2026-02-06
2026-02-06 19:00:00,2.494,2.52,2.472,2.518,184010.6,2026-02-06
2026-02-06 20:00:00,2.517,2.539,2.497,2.508,197255.81,2026-02-06
2026-02-06 21:00:00,2.508,2.511,2.486,2.505,104700.5,2026-02-06
2026-02-06 22:00:00,2.506,2.535,2.503,2.528,185202.9,2026-02-06
2026-02-06 23:00:00,2.527,2.546,2.5,2.506,145711.16,2026-02-06
2026-02-07 00:00:00,2.508,2.518,2.489,2.501,138884.39,2026-02-07
2026-02-07 01:00:00,2.5,2.511,2.479,2.506,115623.16,2026-02-07
2026-02-07 02:00:00,2.505,2.522,2.499,2.508,84619.65,2026-02-07
2026-02-07 03:00:00,2.507,2.533,2.503,2.525,137915.15,2026-02-07
2026-02-07 04:00:00,2.523,2.564,2.512,2.521,205156.17,2026-02-07
2026-02-07 05:00:00,2.522,2.544,2.511,2.515,141757.57,2026-02-07
2026-02-07 06:00:00,2.514,2.543,2.483,2.483,281215.84,2026-02-07
2026-02-07 07:00:00,2.485,2.499,2.413,2.423,560740.49,2026-02-07
2026-02-07 08:00:00,2.422,2.442,2.41,2.436,149338.71,2026-02-07
2026-02-07 09:00:00,2.437,2.441,2.411,2.417,84907.0,2026-02-07
2026-02-07 10:00:00,2.417,2.42,2.394,2.408,120672.68,2026-02-07
2026-02-07 11:00:00,2.405,2.416,2.4,2.414,54101.4,2026-02-07
2026-02-07 12:00:00,2.413,2.515,2.409,2.472,237775.59,2026-02-07
2026-02-07 13:00:00,2.472,2.484,2.455,2.469,89702.14,2026-02-07
2026-02-07 14:00:00,2.47,2.472,2.412,2.42,172612.04,2026-02-07
2026-02-07 15:00:00,2.421,2.462,2.416,2.447,133269.83,2026-02-07
2026-02-07 16:00:00,2.447,2.521,2.441,2.46,1171386.58,2026-02-07
2026-02-07 17:00:00,2.461,2.483,2.45,2.476,95496.03,2026-02-07
2026-02-07 18:00:00,2.476,2.54,2.474,2.519,149156.28,2026-02-07
2026-02-07 19:00:00,2.519,2.524,2.495,2.501,72863.01,2026-02-07
2026-02-07 20:00:00,2.501,2.524,2.499,2.519,75015.89,2026-02-07
2026-02-07 21:00:00,2.519,2.524,2.496,2.501,58353.89,2026-02-07
2026-02-07 22:00:00,2.501,2.512,2.497,2.5,34215.48,2026-02-07
2026-02-07 23:00:00,2.5,2.503,2.483,2.496,65031.94,2026-02-07
2026-02-08 00:00:00,2.496,2.497,2.455,2.468,139968.0,2026-02-08
2026-02-08 01:00:00,2.468,2.479,2.462,2.465,42670.87,2026-02-08
2026-02-08 02:00:00,2.465,2.47,2.42,2.421,174043.98,2026-02-08
2026-02-08 03:00:00,2.422,2.434,2.415,2.415,88580.49,2026-02-08
2026-02-08 04:00:00,2.415,2.437,2.41,2.437,62961.41,2026-02-08
2026-02-08 05:00:00,2.437,2.44,2.425,2.428,61432.84,2026-02-08
2026-02-08 06:00:00,2.427,2.437,2.423,2.428,33850.33,2026-02-08
2026-02-08 07:00:00,2.429,2.432,2.414,2.431,78194.25,2026-02-08
2026-02-08 08:00:00,2.431,2.468,2.419,2.463,174192.24,2026-02-08
2026-02-08 09:00:00,2.464,2.473,2.45,2.452,164722.52,2026-02-08
2026-02-08 10:00:00,2.453,2.469,2.433,2.441,116775.42,2026-02-08
2026-02-08 11:00:00,2.442,2.485,2.439,2.473,214702.01,2026-02-08
2026-02-08 12:00:00,2.473,2.475,2.447,2.459,182022.45,2026-02-08
2026-02-08 13:00:00,2.459,2.484,2.444,2.476,254299.86,2026-02-08
2026-02-08 14:00:00,2.477,2.506,2.466,2.496,166295.93,2026-02-08
2026-02-08 15:00:00,2.495,2.496,2.438,2.454,314107.74,2026-02-08
2026-02-08 16:00:00,2.454,2.46,2.399,2.408,208686.62,2026-02-08
2026-02-08 17:00:00,2.407,2.442,2.407,2.432,93482.35,2026-02-08
2026-02-08 18:00:00,2.433,2.47,2.433,2.45,86677.31,2026-02-08
2026-02-08 19:00:00,2.45,2.473,2.447,2.464,42596.51,2026-02-08
2026-02-08 20:00:00,2.464,2.464,2.438,2.44,42894.53,2026-02-08
2026-02-08 21:00:00,2.441,2.449,2.409,2.424,199138.5,2026-02-08
2026-02-08 22:00:00,2.425,2.447,2.42,2.444,125185.34,2026-02-08
2026-02-08 23:00:00,2.445,2.494,2.416,2.432,149729.08,2026-02-08
2026-02-09 00:00:00,2.432,2.44,2.418,2.436,30946.09,2026-02-09
2026-02-09 01:00:00,2.437,2.452,2.411,2.424,127877.98,2026-02-09
2026-02-09 02:00:00,2.424,2.447,2.418,2.435,69876.49,2026-02-09
2026-02-09 03:00:00,2.436,2.465,2.433,2.458,48021.0,2026-02-09
